{"count":1,"self":164.9509888,"total":3607.5748200999997,"children":{"InitializeActuators":{"count":18,"self":0.001488,"total":0.001488,"children":null},"InitializeSensors":{"count":18,"self":0.0059521999999999995,"total":0.0059521999999999995,"children":null},"AgentSendState":{"count":466851,"self":16.274016,"total":260.1748994,"children":{"CollectObservations":{"count":600237,"self":218.70463999999998,"total":218.7046523,"children":null},"WriteActionMask":{"count":600237,"self":0.227687,"total":0.227687,"children":null},"RequestDecision":{"count":600237,"self":1.3363881,"total":24.9685447,"children":{"AgentInfo.ToProto":{"count":600237,"self":1.0752975999999999,"total":23.6321566,"children":{"GenerateSensorData":{"count":600237,"self":21.706300799999998,"total":22.556859,"children":{"RayPerceptionSensor.Perceive":{"count":600237,"self":0.85055759999999991,"total":0.85055759999999991,"children":null}}}}}}}}},"DecideAction":{"count":466851,"self":3178.484736,"total":3178.4846347999996,"children":null},"AgentAct":{"count":466851,"self":2.7459568,"total":2.7588557,"children":{"AgentInfo.ToProto":{"count":217,"self":0.0019847,"total":0.012898999999999999,"children":{"GenerateSensorData":{"count":217,"self":0.0099224,"total":0.0109143,"children":{"RayPerceptionSensor.Perceive":{"count":217,"self":0.0009919,"total":0.0009919,"children":null}}}}}}},"AgentInfo.ToProto":{"count":21002,"self":0.0838304,"total":1.1970113,"children":{"GenerateSensorData":{"count":21002,"self":1.0665285,"total":1.1131809,"children":{"RayPerceptionSensor.Perceive":{"count":21002,"self":0.0466524,"total":0.0466524,"children":null}}}}}},"gauges":{"Ball.CumulativeReward":{"count":21219,"max":1.98700023,"min":-2.99004626,"runningAverage":0.270039976,"value":0.82799983,"weightedAverage":0.5437038}},"metadata":{"timer_format_version":"0.1.0","start_time_seconds":"1623339943","unity_version":"2020.3.0f1","command_line_arguments":"C:\\Program Files\\Unity\\Hub\\Editor\\2020.3.0f1\\Editor\\Unity.exe -projectpath D:\/Users\/kseonjun\/Google Drive\/College\/강의\/[2021-1] 윈도우프로그래밍\/기말 프로젝트\/바운스 -useHub -hubIPC -cloudEnvironment production -hubSessionId 312dbb30-c9e0-11eb-8239-3d43e4b7d6c5 -accessToken Ods7062azaguj9BnWuZqVgYrNZaEo_p9ZugX-SPvKYc00df","communication_protocol_version":"1.5.0","com.unity.ml-agents_version":"2.0.0-exp.1","scene_name":"Ball_002","end_time_seconds":"1623343550"}}