{"count":1,"self":4.1298319999999995,"total":43.9259585,"children":{"InitializeActuators":{"count":9,"self":0.00099209999999999988,"total":0.00099209999999999988,"children":null},"InitializeSensors":{"count":9,"self":0.0034733,"total":0.0034733,"children":null},"AgentSendState":{"count":6617,"self":0.2228151,"total":3.9950595,"children":{"CollectObservations":{"count":8514,"self":3.3799072,"total":3.3799072,"children":null},"WriteActionMask":{"count":8514,"self":0.0039682,"total":0.0039682,"children":null},"RequestDecision":{"count":8514,"self":0.0224154,"total":0.38836899999999996,"children":{"AgentInfo.ToProto":{"count":8514,"self":0.0230513,"total":0.3659536,"children":{"GenerateSensorData":{"count":8514,"self":0.32851589999999997,"total":0.3429023,"children":{"RayPerceptionSensor.Perceive":{"count":8514,"self":0.014386399999999999,"total":0.014386399999999999,"children":null}}}}}}}}},"DecideAction":{"count":6617,"self":35.7286208,"total":35.7286223,"children":null},"AgentAct":{"count":6617,"self":0.0372037,"total":0.0372037,"children":null},"AgentInfo.ToProto":{"count":423,"self":0.0014883,"total":0.0297581,"children":{"GenerateSensorData":{"count":423,"self":0.0257891,"total":0.028269799999999998,"children":{"RayPerceptionSensor.Perceive":{"count":423,"self":0.0024806999999999997,"total":0.0024806999999999997,"children":null}}}}}},"gauges":{"Ball.CumulativeReward":{"count":423,"max":0.997,"min":-2.1940093,"runningAverage":0.658120155,"value":0.7459997,"weightedAverage":0.804998755}},"metadata":{"timer_format_version":"0.1.0","start_time_seconds":"1623489297","unity_version":"2020.3.0f1","command_line_arguments":"C:\\Program Files\\Unity\\Hub\\Editor\\2020.3.0f1\\Editor\\Unity.exe -projectpath D:\/Users\/kseonjun\/Google Drive\/College\/강의\/[2021-1] 윈도우프로그래밍\/기말 프로젝트\/바운스 -useHub -hubIPC -cloudEnvironment production -hubSessionId a210b8e0-ca88-11eb-98d4-0de2057f68c8 -accessToken U2EFouV1_Ey2Qqz7ES6FL4FbxdPVle0Zzi6dimOzvec00df","communication_protocol_version":"1.5.0","com.unity.ml-agents_version":"2.0.0-exp.1","scene_name":"Ball_003","end_time_seconds":"1623489341"}}