{"count":1,"self":609.9970048,"total":11242.0371459,"children":{"InitializeActuators":{"count":9,"self":0.0014876,"total":0.0014876,"children":null},"InitializeSensors":{"count":9,"self":0.0039676,"total":0.0039676,"children":null},"AgentSendState":{"count":1166717,"self":44.047891199999995,"total":730.52031709999994,"children":{"CollectObservations":{"count":1500066,"self":614.6843648,"total":614.68437999999992,"children":null},"WriteActionMask":{"count":1500066,"self":0.69952419999999993,"total":0.69952419999999993,"children":null},"RequestDecision":{"count":1500066,"self":4.435928,"total":71.088522799999993,"children":{"AgentInfo.ToProto":{"count":1500066,"self":3.6807336,"total":66.6525949,"children":{"GenerateSensorData":{"count":1500066,"self":60.620665599999995,"total":62.9718611,"children":{"RayPerceptionSensor.Perceive":{"count":1500066,"self":2.3511956,"total":2.3511954999999998,"children":null}}}}}}}}},"DecideAction":{"count":1166717,"self":9890.1876736,"total":9890.187693,"children":null},"AgentAct":{"count":1166717,"self":7.3166639999999994,"total":7.3449408,"children":{"AgentInfo.ToProto":{"count":555,"self":0.0009925,"total":0.0282765,"children":{"GenerateSensorData":{"count":555,"self":0.0262913,"total":0.027284,"children":{"RayPerceptionSensor.Perceive":{"count":555,"self":0.0009927,"total":0.0009927,"children":null}}}}}}},"AgentInfo.ToProto":{"count":63945,"self":0.3051506,"total":3.9807514999999998,"children":{"GenerateSensorData":{"count":63945,"self":3.4949999999999997,"total":3.6756008999999996,"children":{"RayPerceptionSensor.Perceive":{"count":63945,"self":0.18060079999999998,"total":0.18060079999999998,"children":null}}}}}},"gauges":{"Ball.CumulativeReward":{"count":64500,"max":1.96600044,"min":-2.92004323,"runningAverage":0.407527059,"value":0.634001136,"weightedAverage":0.8029177}},"metadata":{"timer_format_version":"0.1.0","start_time_seconds":"1623433510","unity_version":"2020.3.0f1","command_line_arguments":"C:\\Program Files\\Unity\\Hub\\Editor\\2020.3.0f1\\Editor\\Unity.exe -projectpath D:\/Users\/kseonjun\/Google Drive\/College\/강의\/[2021-1] 윈도우프로그래밍\/기말 프로젝트\/바운스 -useHub -hubIPC -cloudEnvironment production -hubSessionId a210b8e0-ca88-11eb-98d4-0de2057f68c8 -accessToken U2EFouV1_Ey2Qqz7ES6FL4FbxdPVle0Zzi6dimOzvec00df","communication_protocol_version":"1.5.0","com.unity.ml-agents_version":"2.0.0-exp.1","scene_name":"Ball_005","end_time_seconds":"1623444752"}}